{
  "raw": {
    "ranges": {
      "0-50": {
        "mean": 2.0641780691773963,
        "count": 5000
      },
      "50-100": {
        "mean": 0.7589890642282524,
        "count": 4991
      },
      "100-150": {
        "mean": 0.49479841766623184,
        "count": 4950
      },
      "150-200": {
        "mean": 0.38729315095406186,
        "count": 4915
      },
      "200-300": {
        "mean": 0.3818025203149522,
        "count": 9102
      },
      "300-400": {
        "mean": 0.3307432956923156,
        "count": 8114
      },
      "400-500": {
        "mean": 0.3172694942183759,
        "count": 7481
      },
      "500-600": {
        "mean": 0.26042353850228234,
        "count": 6944
      },
      "600-700": {
        "mean": 0.25188456677760324,
        "count": 6337
      },
      "700-800": {
        "mean": 0.20788217870557876,
        "count": 5699
      },
      "800-900": {
        "mean": 0.15991987094132304,
        "count": 4996
      },
      "900-1000": {
        "mean": 0.1510845657664983,
        "count": 4868
      }
    },
    "label": "Raw (no distill)"
  },
  "pos-200tok": {
    "ranges": {
      "0-50": {
        "mean": 1.0146124471500046,
        "count": 5000
      },
      "50-100": {
        "mean": 0.32133413215162,
        "count": 5000
      },
      "100-150": {
        "mean": 0.24634405038266974,
        "count": 4987
      },
      "150-200": {
        "mean": 0.23665765641265166,
        "count": 4892
      },
      "200-300": {
        "mean": 0.23791090188523573,
        "count": 8450
      },
      "300-400": {
        "mean": 0.21610346964658247,
        "count": 6543
      },
      "400-500": {
        "mean": 0.28944944187004484,
        "count": 4978
      },
      "500-600": {
        "mean": 0.2585789538919285,
        "count": 3618
      },
      "600-700": {
        "mean": 0.24279572911708736,
        "count": 2450
      },
      "700-800": {
        "mean": 0.24890468709669494,
        "count": 1986
      },
      "800-900": {
        "mean": 0.2169076725371014,
        "count": 1505
      },
      "900-1000": {
        "mean": 0.3020979645188788,
        "count": 1151
      }
    },
    "label": "Pos-200tok (step 100)"
  },
  "pos-200tok-s200": {
    "ranges": {
      "0-50": {
        "mean": 1.0153399525093703,
        "count": 5000
      },
      "50-100": {
        "mean": 0.32187449306828214,
        "count": 5000
      },
      "100-150": {
        "mean": 0.2279777965838985,
        "count": 4980
      },
      "150-200": {
        "mean": 0.2479305976582805,
        "count": 4905
      },
      "200-300": {
        "mean": 0.24217371221574466,
        "count": 9104
      },
      "300-400": {
        "mean": 0.2294632667982306,
        "count": 7496
      },
      "400-500": {
        "mean": 0.27691423829030953,
        "count": 5729
      },
      "500-600": {
        "mean": 0.28263885581888387,
        "count": 4367
      },
      "600-700": {
        "mean": 0.2050533237715074,
        "count": 3187
      },
      "700-800": {
        "mean": 0.20539454243246405,
        "count": 2380
      },
      "800-900": {
        "mean": 0.23060271602574195,
        "count": 1585
      },
      "900-1000": {
        "mean": 0.23739722247561934,
        "count": 1156
      }
    },
    "label": "Pos-200tok (step 200)"
  },
  "full-seq-50": {
    "ranges": {
      "0-50": {
        "mean": 1.1086588568321711,
        "count": 5000
      },
      "50-100": {
        "mean": 0.43715999580395454,
        "count": 5000
      },
      "100-150": {
        "mean": 0.28688347034861833,
        "count": 4937
      },
      "150-200": {
        "mean": 0.31351412078725327,
        "count": 4544
      },
      "200-300": {
        "mean": 0.2635563550180416,
        "count": 7596
      },
      "300-400": {
        "mean": 0.29085432715948206,
        "count": 5425
      },
      "400-500": {
        "mean": 0.23178269901751175,
        "count": 4239
      },
      "500-600": {
        "mean": 0.24132905019947157,
        "count": 3126
      },
      "600-700": {
        "mean": 0.2481921850518697,
        "count": 2046
      },
      "700-800": {
        "mean": 0.1785293915839791,
        "count": 1528
      },
      "800-900": {
        "mean": 0.20344826968790478,
        "count": 1163
      },
      "900-1000": {
        "mean": 0.19130993030693172,
        "count": 668
      }
    },
    "label": "Full-seq (step 50)"
  },
  "full-seq-s200": {
    "ranges": {
      "0-50": {
        "mean": 1.0360401689754142,
        "count": 5000
      },
      "50-100": {
        "mean": 0.31185013544075985,
        "count": 5000
      },
      "100-150": {
        "mean": 0.23598467999759232,
        "count": 5000
      },
      "150-200": {
        "mean": 0.23572056478593473,
        "count": 4980
      },
      "200-300": {
        "mean": 0.2725057217754348,
        "count": 9778
      },
      "300-400": {
        "mean": 0.30790616506935514,
        "count": 9472
      },
      "400-500": {
        "mean": 0.20208778249668827,
        "count": 9400
      },
      "500-600": {
        "mean": 0.17361288496274085,
        "count": 9400
      },
      "600-700": {
        "mean": 0.13158760281274978,
        "count": 9253
      },
      "700-800": {
        "mean": 0.11001551286579901,
        "count": 9200
      },
      "800-900": {
        "mean": 0.07909056126669137,
        "count": 9188
      },
      "900-1000": {
        "mean": 0.0849037618172302,
        "count": 8875
      }
    },
    "label": "Full-seq (step 200)"
  }
}