{
  "raw": {
    "kl_by_range": {
      "0-50": {
        "mean": 1.873416510479303,
        "median": 0.025653618446085602,
        "count": 4967
      },
      "50-100": {
        "mean": 0.6685290094997688,
        "median": 0.003376201959330416,
        "count": 4950
      },
      "100-200": {
        "mean": 0.4272789210652309,
        "median": 0.0010521834483370185,
        "count": 9761
      },
      "200-500": {
        "mean": 0.297372983984714,
        "median": 0.0003904534096363932,
        "count": 26315
      },
      "200-1024": {
        "mean": 0.2556246712016378,
        "median": 0.0003418336565204072,
        "count": 59474
      }
    },
    "avg_response_len": 791.52,
    "n_problems": 100
  },
  "pos-200tok": {
    "kl_by_range": {
      "0-50": {
        "mean": 1.0164878906768733,
        "median": 0.00024992629823827883,
        "count": 5000
      },
      "50-100": {
        "mean": 0.33647569786755505,
        "median": 7.628924322489183e-05,
        "count": 5000
      },
      "100-200": {
        "mean": 0.22871162275198342,
        "median": 6.675683380308328e-06,
        "count": 9993
      },
      "200-500": {
        "mean": 0.26726101765599497,
        "median": 2.8609920263988897e-06,
        "count": 20263
      },
      "200-1024": {
        "mean": 0.25708525118598624,
        "median": 3.2186455882765586e-06,
        "count": 32120
      }
    },
    "avg_response_len": 521.13,
    "n_problems": 100
  },
  "full-seq-50": {
    "kl_by_range": {
      "0-50": {
        "mean": 1.1325096089847866,
        "median": 0.0012444685562513769,
        "count": 5000
      },
      "50-100": {
        "mean": 0.40005870968811236,
        "median": 0.00011311467824270949,
        "count": 4981
      },
      "100-200": {
        "mean": 0.31293152899638327,
        "median": 2.2649413494946202e-05,
        "count": 9487
      },
      "200-500": {
        "mean": 0.3132096012155036,
        "median": 9.775111749377174e-06,
        "count": 18013
      },
      "200-1024": {
        "mean": 0.29804039579353003,
        "median": 7.748573807475623e-06,
        "count": 26737
      }
    },
    "avg_response_len": 462.05,
    "n_problems": 100
  }
}