{
  "raw": {
    "range_results": {
      "0-100": {
        "mean": 1.4121714308327686,
        "count": 9991
      },
      "100-200": {
        "mean": 0.4412364930954954,
        "count": 9865
      },
      "200-300": {
        "mean": 0.3818025203149522,
        "count": 9102
      },
      "300-400": {
        "mean": 0.3307432956923156,
        "count": 8114
      },
      "400-500": {
        "mean": 0.3172694942183759,
        "count": 7481
      },
      "500-600": {
        "mean": 0.26042353850228234,
        "count": 6944
      }
    },
    "avg_response_len": 745.49,
    "n_problems": 100
  },
  "pos-200tok": {
    "range_results": {
      "0-100": {
        "mean": 0.6679732896508125,
        "count": 10000
      },
      "100-200": {
        "mean": 0.2415474273133987,
        "count": 9879
      },
      "200-300": {
        "mean": 0.23791090188523573,
        "count": 8450
      },
      "300-400": {
        "mean": 0.21610346964658247,
        "count": 6543
      },
      "400-500": {
        "mean": 0.28944944187004484,
        "count": 4978
      },
      "500-600": {
        "mean": 0.2585789538919285,
        "count": 3618
      }
    },
    "avg_response_len": 508.24,
    "n_problems": 100
  },
  "full-seq-50": {
    "range_results": {
      "0-100": {
        "mean": 0.7729094263180628,
        "count": 10000
      },
      "100-200": {
        "mean": 0.2996468577120987,
        "count": 9481
      },
      "200-300": {
        "mean": 0.2635563550180416,
        "count": 7596
      },
      "300-400": {
        "mean": 0.29085432715948206,
        "count": 5425
      },
      "400-500": {
        "mean": 0.23178269901751175,
        "count": 4239
      },
      "500-600": {
        "mean": 0.24132905019947157,
        "count": 3126
      }
    },
    "avg_response_len": 453.92,
    "n_problems": 100
  }
}